{
  "_fv": 6,
  "_type": "biome",
  "definition": {
    "name": "Netherforest",
    "groundBlock": {
      "value": "Blocks.NETHERRACK"
    },
    "undergroundBlock": {
      "value": "Blocks.NETHERRACK"
    },
    "generateLakes": false,
    "treeType": 1,
    "vanillaTreeType": "Default",
    "minHeight": 7,
    "spawnVines": true,
    "treeVines": {
      "value": "Blocks.AIR"
    },
    "treeStem": {
      "value": "CUSTOM:Kindlewood"
    },
    "treeBranch": {
      "value": "CUSTOM:Kindleleaves"
    },
    "treeFruits": {
      "value": "Blocks.AIR"
    },
    "customColors": true,
    "airColor": {
      "value": -65536,
      "falpha": 0.0
    },
    "grassColor": {
      "value": -3407872,
      "falpha": 0.0
    },
    "waterColor": {
      "value": -3407872,
      "falpha": 0.0
    },
    "treesPerChunk": 0,
    "grassPerChunk": 0,
    "flowersPerChunk": 4,
    "mushroomsPerChunk": 0,
    "bigMushroomsChunk": 0,
    "sandPathcesPerChunk": 0,
    "gravelPatchesPerChunk": 0,
    "reedsPerChunk": 0,
    "cactiPerChunk": 0,
    "deadBushesPerChunk": 0,
    "rainingPossibility": 0.0,
    "temperature": 0.75,
    "baseHeight": 0.2,
    "heightVariation": 0.25,
    "spawnBiome": false,
    "biomeWeight": 15,
    "biomeType": "DESERT",
    "biomeCategory": "NETHER",
    "parent": {
      "value": "nether"
    },
    "biomeDictionaryTypes": [
      "NETHER"
    ],
    "spawnList": [
      {
        "value": "EntityPigZombie"
      }
    ]
  }
}