{
  "_fv": 6,
  "_type": "biome",
  "definition": {
    "name": "Slime Biome",
    "groundBlock": {
      "value": "CUSTOM:Slimepool"
    },
    "undergroundBlock": {
      "value": "Blocks.STONE#0"
    },
    "generateLakes": true,
    "treeType": 1,
    "vanillaTreeType": "Default",
    "minHeight": 0,
    "spawnVines": true,
    "treeVines": {
      "value": "Blocks.AIR"
    },
    "treeStem": {
      "value": "Blocks.AIR"
    },
    "treeBranch": {
      "value": "Blocks.AIR"
    },
    "treeFruits": {
      "value": "Blocks.AIR"
    },
    "customColors": true,
    "airColor": {
      "value": -5916161,
      "falpha": 0.0
    },
    "grassColor": {
      "value": -16724941,
      "falpha": 0.0
    },
    "waterColor": {
      "value": -16724941,
      "falpha": 0.0
    },
    "treesPerChunk": 0,
    "grassPerChunk": 0,
    "flowersPerChunk": 0,
    "mushroomsPerChunk": 0,
    "bigMushroomsChunk": 0,
    "sandPathcesPerChunk": 0,
    "gravelPatchesPerChunk": 0,
    "reedsPerChunk": 0,
    "cactiPerChunk": 0,
    "deadBushesPerChunk": 0,
    "rainingPossibility": 0.5,
    "temperature": 0.39999999999999997,
    "baseHeight": 0.03,
    "heightVariation": 0.1,
    "spawnBiome": true,
    "biomeWeight": 4,
    "biomeType": "COOL",
    "biomeCategory": "NONE",
    "parent": {
      "value": "No parent"
    },
    "biomeDictionaryTypes": [],
    "spawnList": [
      {
        "value": "EntitySlime"
      }
    ]
  }
}