{
  "_fv": 18,
  "_type": "item",
  "definition": {
    "renderType": 0,
    "texture": "difficulty_controller",
    "customModelName": "Normal",
    "name": "Difficulty Controller",
    "rarity": "COMMON",
    "creativeTab": {
      "value": "CUSTOM:Difficultycontrollertab"
    },
    "stackSize": 1,
    "enchantability": 0,
    "useDuration": 0,
    "toolType": 1.0,
    "damageCount": 0,
    "recipeRemainder": {
      "value": ""
    },
    "destroyAnyBlock": false,
    "immuneToFire": true,
    "stayInGridWhenCrafting": false,
    "damageOnCrafting": false,
    "enableMeleeDamage": false,
    "damageVsEntity": 0.0,
    "specialInfo": [],
    "hasGlow": false,
    "guiBoundTo": "<NONE>",
    "inventorySize": 9,
    "inventoryStackSize": 64,
    "onRightClickedInAir": {
      "name": "DifficultycontrollerRightClickedInAir"
    },
    "onRightClickedOnBlock": {
      "name": "DifficultycontrollerRightClickedOnBlock"
    }
  }
}