{
  "group": "inspiritcraftreborn",
  "type": "minecraft:crafting_shaped",
  "pattern": [
    " 1 ",
    "345",
    " 7 "
  ],
  "key": {
    "1": {
      "item": "minecraft:dye",
      "data": 1
    },
    "3": {
      "item": "minecraft:dye",
      "data": 1
    },
    "4": {
      "item": "minecraft:slime_ball"
    },
    "5": {
      "item": "minecraft:dye",
      "data": 1
    },
    "7": {
      "item": "minecraft:dye",
      "data": 1
    }
  },
  "result": {
    "item": "minecraft:spider_eye",
    "count": 1
  }
}